CATEGORÍA,CÓDIGO,DESCRIPCIÓN,STOCK,PRECIO DÓLARES,GARANTÍA,MARCA,PROMOCIÓN,DETALLE PROMOCIÓN
accesorios usb,acte70207w,"cargador usb-a usb-c teros te-70207w, gan, pd 65w, blanco[@@@]potencia y eficiencia e",20,11.06,D,teros,,R6497: COMBO A TAN SOLO $12.2+IGV POR LA COMPRA DE ADAPTADOR DE CORRIENTE+ CABLE USB TEROS A-C 600W 3A; R6495: COMBO A TAN SOLO $11.9+IGV POR LA COMPRA DE ADAPTADOR DE CORRIENTE+ CABLE USB TEROS C-C 100W 5A
accesorios usb,acte70208w,"cable usb teros te-70208w, tipo c a tipo c, 5a, 100w máx, blanco[@@@]descubre el cabl",20,2.51,D,teros,,
accesorios usb,acte70209w,"cable usb teros te-70209w, tipo c a tipo c, 3a, 60w máx, blanco[@@@]conecta y carga t",10,1.81,D,teros,,
accesorios usb,acte70211w,"cable usb teros te-70211w, tipo a a tipo c, 3a, 60w máx, gris[@@@]conecta y carga de ",10,2.01,D,teros,,
accesorios usb,acte70212w,"cable usb teros te-70212w, tipo c a lightning, 3a, 20w máx, blanco y plateado[@@@]con",20,6.31,D,teros,,
"audio, auricular c/mic",accte8072n,"audífonos teros te-8072n, bluetooth, tws, negro[@@@]los audífonos bluetooth teros te-",20,8.94,D,teros,$7.90,R6471: Detalle de #PROMOCIONR6471
"audio, auricular c/mic",accte8072w,"audífonos teros te-8072w, bluetooth, tws, blanco[@@@]los audífonos bluetooth teros te",20,8.94,D,teros,$7.90,R6469: Detalle de #PROMOCIONR6469
"audio, auricular c/mic",accte8074gr,"audífonos teros te-8074gr, bluetooth, tws, rosa/dorado[@@@]los audífonos bluetooth te",20,9.95,D,teros,$8.50,R6456: Detalle de #PROMOCIONR6456
"audio, auricular c/mic",accte8074n,"audífonos teros te-8074n, bluetooth, tws, negro[@@@]los audífonos bluetooth teros te-",1,9.95,D,teros,$8.20,R6457: Detalle de #PROMOCIONR6457
"audio, auricular c/mic",accte8075n,"audífonos teros te-8075n, bluetooth, tws, negro[@@@]los audífonos bluetooth teros te-",20,9.95,D,teros,,R6458: OFERTA!! POR LA COMPRA DE (2UNI) AUDIFONOS TEROS TE-8075N TWS
"audio, auricular c/mic",accte8075w,"audífonos teros, te-8075w, bluetooth, tws, blanco[@@@]los audífonos bluetooth teros t",20,9.95,D,teros,,R6460: OFERTA (3 UNI) POR LA COMPRA DE AUDIFONOS TEROS TE-8075W TWS
"audio, auricular c/mic",mmachte8078r,"audífono de conducción de aire teros te-8078r, bluetooth, rojo /gris[@@@]los audífono",20,11.36,D,teros,$10.50,R6483: Detalle de #PROMOCIONR6483
"audio, auricular c/mic",mmbchte8077n,"audífonos de conducción ósea teros te-8077n, bluetooth, negro[@@@]los audífonos de co",20,11.96,D,teros,$9.50,R6485: Detalle de #PROMOCIONR6485
"audio, auricular c/mic",mmhwte8033n,"audífono inalámbrico anc teros te-8033n (headset), negro[@@@]los auriculares inalámbr",19,18.59,D,teros,$16.90,R6487: Detalle de #PROMOCIONR6487
"audio, auricular c/mic",mmhwte8033wp,"audífono inalámbrico anc teros te-8033wp (headset), blanco[@@@]los auriculares inalám",20,18.59,D,teros,$16.90,R6488: Detalle de #PROMOCIONR6488
"audio, auricular c/mic",mmhwte8035n,"audífono inalámbrico teros te-8035n (headset), negro[@@@]los auriculares inalámbricos",20,9.45,D,teros,,
"audio, auricular c/mic gm",mmhste8171n,"auriculares gaming teros te-8171n, estéreo, micrófono, luces rgb[@@@]los auriculares ",20,10.55,D,teros,,R6278: COMPRA (3) POR LA COMPRA HEADSET TEROS TE-8171N
"audio, parlante inalamb",mmspte6032n,"parlante teros te-6032n, bluetooth, 5 w, 400 mah,negro[@@@]el parlante inalámbrico te",3,5.53,D,teros,$4.50,R6482: Detalle de #PROMOCIONR6482
"audio, parlante inalamb",mmspte6033n,"parlante/audífono teros te-6033n, bluetooth, 5 w,1200 mah, negro[@@@]el dispositivo t",16,15.08,D,teros,$11.50,R6436: Detalle de #PROMOCIONR6436
"audio, parlante inalamb",mmspte6044n,"parlante teros te-6044n, bluetooth, 5 w, 1500 mah, negro[@@@]el parlante inalámbrico ",16,15.58,D,teros,$11.00,R6439: Detalle de #PROMOCIONR6439
"audio, parlante inalamb",mmspte6045g,"parlante teros te-6045g, color verde militar camuflado, 60 w[@@@]disfruta de un sonid",3,42.21,D,teros,,
"audio, parlante inalamb",mmspte6045n,"parlante teros te-6045n, color negro, 60 w[@@@]potencia tu música con el parlante blu",0,42.21,D,teros,,
"audio, parlante inalamb",mmspte6046g,"parlante teros te-6046g, color verde militar camuflado, 40 w[@@@]disfruta de la mejor",1,26.13,D,teros,,
"audio, parlante inalamb",mmspte6046n,"parlante teros te-6046n, color negro, 40 w[@@@]disfruta de un sonido potente con el p",6,26.13,D,teros,,
"camara, webcam",mmte9072,"webcam teros te-9072, 2k, micrófono incorporado, usb 2.0[@@@]trabaja con casi todas l",20,13.67,D,teros,,
cases micro atx,csm25bkte1033s,"case teros te-1033s, mini tower atx, 250 w, usb 3.0 / 2.0, audio hd, negro[@@@]presen",20,19.1,D,teros,,R7724: GRATIS(MOUSE STD USB TE1226 PK) POR LA COMPRA DE CASE MICRO ATX TE1033 250W BK
cases micro atx,csm25bkte1034s,"case teros te-1034s, mini tower atx, 250 w, usb 3.0 / 2.0, audio hd, negro[@@@]presen",20,19.1,D,teros,,R7723: GRATIS(MOUSE STD USB TE1227 GN) POR LA COMPRA DE CASE MICRO ATX TE1034 250W BK
cases micro atx,css25bkte1032s,"case teros te-1032s, slim, 250 w, usb 3.2 / usb 2.0, audio hd, dvd, negro[@@@]present",10,27.14,D,teros,,R6808: GRATIS (MOUSE) POR LA COMPRA DE CASE SLIM TE1032S BLACK
cases sin fuente p/gamers,csa00bkte1312g,"case gamer teros te-1312g, mid tower, usb 3.0 / usb 2.0, audio, ventilador argb, negr",20,45.23,D,teros,,R7669: GRATIS(mouse+mouse pad) POR LA COMPRA DE CASE ATX TE1312 BLACK; R6284: PROMOCION 4+1 POR LA COMPRA DE CASE ATX TE1312 BLACK
cases sin fuente p/gamers,csa00whte1311g,"case gamer teros te-1311g, mid tower, usb 3.0 / usb 2.0, audio, ventilador argb, blan",17,46.23,D,teros,,R7671: GRATIS(mouse+mouse pad) POR LA COMPRA DE CASE ATX TE1311 WHITE; R6777: GRATIS(HEADSET TE8033WP) POR LA COMPRA DE CASE ATX TE1311 WHITE; R6283: PROMOCION 4+1 POR LA COMPRA DE CASE ATX TE1311 WHITE
cases sin fuente p/gamers,csm00bkte1314g,"case gamer teros te-1314g, mid tower, usb 3.0 / usb 2.0, audio, ventilador argb, negr",2,57.29,D,teros,,R6742: GRATIS (TECLADO +MOUSE STD) POR LA COMPRA DE CASE GM MICRO ATX TE1314
cases sin fuente p/gamers,csm00whte1316g,"case gamer teros te-1316g, mid tower, usb 3.0 / usb 2.0, audio, ventilador argb, blan",4,58.29,D,teros,,R6743: GRATIS (TECLADO +MOUSE STD) POR LA COMPRA DE CASE GM MICRO ATX TE1316 WHITE
"cases, fuente para",psua25bkte1315s,"fuente de alimentación teros te-1315s, formato atx, 250w, 115v / 230v[@@@]la fuente d",20,9.95,D,teros,,R7031: GRATIS(MOUSE STD USBTE1222 BK)POR LA COMPRA DE PSU STD ATX 250W TE1315 BK
"cases, fuente para gaming",psmsa750glpcie5,"fuente de alimentación msi mag a750gl pcie5, 750w, 80 plus gold, formato atx.[@@@]",1,89.95,P,msi,,
comercial tanque tinta mu,prepwfc5810,"multifuncional de tinta epson workforce pro wf-c5810, imprime/escanea/copia/fax/lan/w",5,399.99,W,epson,,R6836: EPSON WF-C5810 + TINTA T11B NEGRA GRATIS
comercial ticketera,preptmt20iii,"impresora termica epson tm-t20iii, velocidad de impresión 250 mm/seg, interfaz usb.[@",0,149.64,P,epson,,
comercial ticketera,preptmt20iiil,"impresora termica de recibos epson tm-t20iiil, interfaz: usb+serial (rs-232)[@@@]impr",4,132.66,W,epson,,R7385: Compra 10 Impresoras Epson TM-T20IIIL y llevate 1 gratis !  Pprorrateado desde $118.2+igv
consumo tanque tinta,prepl1250-n,"impresora de tinta epson ecotank l1250, imprime /inalambrica / usb de alta velocidad[",4,126.63,Y,epson,,R7102: Compra 08 Impresoras Epson L1250 y llevate 01 gratis! P. Prorrateado desde $ 112.00+ igv
consumo tanque tinta mult,prepl14150,"multifuncional de tinta epson ecotank l14150, imprime/escanea/copia/fax/wi-fi/usb/eth",2,527.63,W,epson,,
consumo tanque tinta mult,prepl3210-n,"multifuncional de tinta epson ecotank l3210, imprime / escanea / copia / usb[@@@]velo",1,152.26,W,epson,,R7103: Compra 06 Munltifunc Epson L3210 y llevate 01 gratis! P. Prorrateado desde $ 129.86+ igv
consumo tanque tinta mult,prepl3250-n,"multifuncional de tinta epson l3250, usb de alta velocidad (compatible con usb 2.0)[@",20,173.76,W,epson,,R7731: Gratis(mouseTEROS) Compra 5Multifunc Epson L3250 y llevate1gratis! P.Prorrateado desde $144.09+ igv
consumo tanque tinta mult,prepl4260-n,multifuncional de tinta epson ecotank l4260 imprime / escanea / copia / usb / inalamb,20,205.52,W,epson,,R7732: GRATIS(MOUSE TEROS)Compra 8MultifuncEpson L4260 y llevate1 gratis! P. Prorrateado desde $180.44+ igv
consumo tanque tinta mult,prepl5590,"impresora multifuncional epson ecotank l5590, imprime/escanea/copia/fax/usb/lan/wi-fi",17,229.04,W,epson,,R7109: Compra 10 Multifunc Epson L5590 y llevate 01 gratis! P. Prorrateado desde $ 206.73+ igv
consumo tanque tinta mult,prepl5590-n,"impresora multifuncional epson ecotank l5590, imprime/escanea/copia/fax/usb/lan/wi-fi",20,229.04,Y,epson,,R7110: Compra 10 Multifunc Epson L5590 y llevate 01 gratis! P. Prorrateado desde $ 206.73+ igv
consumo tanque tinta mult,prepl62701,"impresora multifuncional epson ecotank l6270, imprime/escanea/copia/lan/wi-fi[@@@]pan",6,317.08,W,epson,,
consumo tanque tinta mult,prhp1f3y2a,"impresora all-in-one de tinta hp smart tank 580, imprime, escanea, copia/wi-fi/bt/usb",1,150.75,W,hp consumo,$127.00,R6883: Detalle de #PROMOCIONR6883
consumo tanque tinta mult,prhpst585,"multifuncional de tinta hp smart tank 585, impresión/escaneo/copia/wi-fi/bluetooth le",4,150.75,Y,hp consumo,,
cooler liquido cpu 120,accpute8163n,"cooler para procesador teros te-8163n, intel y amd, tdp 155w máx, 12 cm, líquida[@@@]",2,31.05,D,teros,,R6771: GRATIS(MOUSE PAD+MOUSE STD USBTE1222) POR LA COMPRA DE UN COOLER PARA CPU TE-8163N LIQU
cooler liquido cpu 240,accpute8164n,"cooler para procesador teros te-8164n, intel y amd, tdp 265w máx, 24 cm, líquida[@@@]",4,45.12,D,teros,,R6774: GRATIS(MOUSE PAD+MOUSE STD USBTE1222 ) POR LA COMPRA DE COOLER PARA CPU TE-8164N LIQU; R6453: PROMO LOCURA!! A TAN SOLO $41.9+IGV POR LA COMPRA DE (3UN) COOLER PARA CPU TE-8164N LIQU
cooler liquido cpu 240,acmscorlqa13240,refrigeracion líquida msi mag coreliquid a13 240 / black / cantidad de ventiladores: ,2,54.77,P,msi,,
cooler liquido cpu 360,acmscorlqa13360,refrigerador líquido de cpu msi mag coreliquid a13 360[@@@]el refrigerador de líquido,2,60.8,P,msi,,
cpu amd ryzen 5 sam4 3xxx,cpam4r53600,"procesador amd ryzen 5 3600, 3.6 / 4.2ghz, 32mb l3 cache, 6-cores, am4, 7nm, tdp: 65w",2,193.86,P,amd-advanced micro device,,
cpu amd ryzen 5 sam4 5xxx,cpam4r55500,"procesador amd ryzen 5 5500, 3.60 / 4.20 ghz, 16mb l3 cache, 6-cores, am4, 7nm, 65w.[",2,71.36,P,amd-advanced micro device,,
cpu amd ryzen 5 sam4 5xxx,cpam4r55600gt,"procesador amd ryzen 5 5600gt, 3.60 / 4.60 ghz, 16mb l3, 6 core, am4, 7nm, 65w.[@@@]i",2,126.53,P,amd-advanced micro device,,
cpu amd ryzen 7 sam5 7xxx,cpam5r77700x,"procesador amd ryzen 7 7700x 4.5/5.4ghz, 32mb l3,8-core, am5, 105w.[@@@]integra contr",1,306.42,P,amd-advanced micro device,,
cpu amd ryzen 7 sam5 8xxx,cpam5r78700g,"procesador amd ryzen 7 8700g 4.20 / 5.10 ghz, 16mb l3 cache, 8-cores, 5nm, tdp: 65w[@",1,265.82,P,amd-advanced micro device,$244.50,R7637: Detalle de #PROMOCIONR7637
cpu ci3 10xxx s1200,cpili310105,"procesador intel core i3-10105, 3.70 / 4.40 ghz, 6 mb caché l3, lga1200, 65w, 14 nm.[",15,86.93,W,intel corp,,
cpu ci3 14xxx s1700,cpili314100f,"procesador intel core i3-14100f 3.50/4.70ghz, 12 mb intel smart caché, lga1700, 58w/1",1,81.91,W,intel corp,,
cpu ci5 10xxx s1200,cpili510400,"procesador intel core i5-10400, 2.90 ghz, 12 mb caché l3, lga1200, 65w, 14 nm.[@@@]vi",8,124.52,W,intel corp,,
cpu ci5 12xxx s1700,cpili512400f,"procesador intel core i5-12400f, 2.50/4.40ghz, 18mb caché l3, lga1700, 117w, intel 7(",15,109.44,W,intel corp,,
cpu ci5 12xxx s1700,cpili512600k,"procesador intel core i5-12600k 3.70 / 4.90ghz, 20mb caché l3, lga1700, 125w, 10 nm.[",1,187.83,W,intel corp,,
cpu ci5 13xxx s1700,cpili513400,"procesador intel core i5-13400 2.50/4.60ghz 20mb smartcaché, lga1700, 65w, intel 7(10",1,158.04,W,intel corp,,
cpu ci5 13xxx s1700,cpili513400f,"procesador intel core i5-13400f 2.50/4.60ghz 20mbsmartcaché, lga1700, 65w, intel 7(10",2,125.37,W,intel corp,,
cpu ci5 14xxx s1700,cpili514400,"procesador intel core i5-14400 2.50/4.70ghz, 20 mb intel smart caché, lga1700, 65w/14",1,162.76,W,intel corp,,
cpu ci5 14xxx s1700,cpili514600kf,"procesador intel core i5-14600kf 3.50/5.30ghz, 24mb intel smart caché, lga1700, 125w/",1,211.55,W,intel corp,,
cpu ci7 12xxx s1700,cpili712700,"procesador intel core i7-12700 2.10/4.90ghz, 25mbsmartcaché, lga1700, 65w, intel 7(10",0,282.91,W,intel corp,,
cpu ci7 12xxx s1700,cpili712700f,"procesador intel core i7-12700f, 2.10 / 4.90ghz, 25mb smartcaché, lga1700, intel 7(10",10,247.13,W,intel corp,,
cpu ci7 12xxx s1700,cpili712700kf,"procesador intel core i7-12700kf 3.60 / 5.00ghz, 25mb caché l3, lga1700, 125w, 10 nm.",1,259.19,W,intel corp,,
cpu ci7 14xxx s1700,cpili714700k,"procesador intel core i7-14700k 3.40/5.60ghz, 33 mb intel smart caché, lga1700, 125w/",4,350.75,W,intel corp,,
cpu ci7 14xxx s1700,cpili714700kf,"procesador intel core i7-14700kf 3.40/5.60ghz, 33mb intel smart caché, lga1700, 125w/",1,333.16,W,intel corp,,
cpu ci9 14xxx s1700,cpili914900k,"procesador intel core i9-14900k 3.20/6.00ghz, 36 mb intel smart caché, lga1700, 125w/",1,486.42,W,intel corp,,
disco duro 3.5 sata,hdist1000vm002,"disco duro seagate pipeline hd, 1tb, sata 6.0 gb/s, 5900 rpm, 3.5, pull.[@@@]<b>pull ",7,20.5,C,seagate,,R7219: Llevalo a $19.00!! Comprando (20) HD SEA 1TB 3.5  5900RPM PULL (Monto Total $380.00+IGV)
disco duro 3.5 sata,hdist2000dm008,"disco duro seagate barracuda st2000dm008, 2tb, sata 6.0 gbps, 7200 rpm, 3.5.[@@@]",2,61.81,E,seagate,$54.50,R6680: Detalle de #PROMOCIONR6680
disco duro 3.5 sata,hditohdwt140uz,"disco duro toshiba surveillance s300, 4tb, sata 6.0 gb/s, 5400 rpm, 3.5.[@@@]",1,80.3,P,toshiba - storage,,
disco duro 3.5 sata,hditos3002tb,"disco duro toshiba surveillance s300, 2tb sata 6.0gb/s, 5400rpm, 128mb cache, 3.5.[@",2,48.94,P,toshiba - storage,$45.00,R7786: Detalle de #PROMOCIONR7786
disco duro 3.5 sata,hditowt860uzsva,"disco duro toshiba surveillance s300, 6tb sata 6.0gb/s, 5400rpm, 256mb cache, 3.5.[@",5,121.61,P,toshiba - storage,,
disco duro 3.5 sata,hdiwd102purp,"disco duro western digital wd purple pro 10tb, sata, 512mb cache, 7200 rpm, 3.5.[@@@",2,304.52,S,western digital,$245.00,R5844: Detalle de #PROMOCIONR5844
disco duro 3.5 sata,hdiwd10earz,"disco duro western digital wd10earz, 1tb, sata 6gb/s, 3.5 5400rpm, cache 64mb[@@@]",1,41.21,D,western digital,,
disco duro 3.5 sata,hdiwd122purp,"disco duro western digital wd purple pro 12tb, sata, 512mb cache, 7200 rpm, 3.5.[@@@",2,320.09,F,western digital,$269.50,R5843: Detalle de #PROMOCIONR5843
disco duro 3.5 sata,hdiwd142purp,"disco duro western digital wd purple pro 14tb, sata 6.0 gb/s, 512mb cache, 7200 rpm, ",2,328.13,S,western digital,$304.00,R5846: Detalle de #PROMOCIONR5846
disco duro 3.5 sata,hdtowt840uzsva,"disco duro toshiba surveillance s300, 4tb sata 6.0gb/s, 5400rpm, 256mb cache, 3.5.[@",2,76.88,P,toshiba - storage,,
disco duro externo,hd4tbto440xk3aa,"disco duro externo toshiba canvio basics, 4tb, usb 3.0.[@@@].....",1,96.38,W,toshiba - storage,,
disco duro externo 2.5,hd1tbtohdtb410,"disco duro externo toshiba canvio basics, 1 tb, usb 3.0, 2.5, negro.[@@@]",20,45.33,D,toshiba - storage,,
disco duro externo 2.5,hde2tbtohdtb420,"disco duro externo toshiba canvio basic, 2tb, usb3.0, 2.5, negro.[@@@]",12,60.2,D,toshiba - storage,,
disco duro externo 2.5,hdewdba3a0040bb,"disco duro externo western digital black p10 gamedrive, 4 tb, usb 3.2 gen 1 hasta 5gb",5,117.59,Y,western digital,$106.00,R6068: Detalle de #PROMOCIONR6068
disco duro externo 2.5,hdewdbu6y0040bb,"disco duro externo western digital elements portable, 4 tb, usb 3.0, negro.[@@@]",1,99.5,F,western digital,$95.00,R6066: Detalle de #PROMOCIONR6066
disco solido externo(ssd),ssdacktxsr13p,"xs ssd kingston rubber sleeve 3-pack (black, blue, orange)[@@@]paquete de 3 fundas de",5,8.54,3,kingston,,
disco solido externo(ssd),ssdktxs10001tb,"unidad en estado sólido externa kingston xs1000, 1tb, usb 3.2 gen 2 tipo-c[@@@]veloci",13,60.5,I,kingston,,
disco solido externo(ssd),ssdktxs10002tb,"unidad en estado sólido externa kingston xs1000, 2tb, usb 3.2 gen 2 tipo-c[@@@]veloci",4,97.38,I,kingston,,
disco solido externo(ssd),ssdktxs1000r1tb,"unidad en estado sólido externa kingston xs1000, 1tb, usb 3.2 gen 2 tipo-c, color roj",3,61.81,S,kingston,,
disco solido externo(ssd),ssdktxs1000r2tb,"unidad en estado sólido externa kingston xs1000, 2tb, usb 3.2 gen 2 tipo-c, color roj",2,99.14,S,kingston,,
disco solido externo(ssd),ssdktxs20001000,"unidad en estado sólido externa kingston xs2000, 1tb, usb 3.2 gen 2x2 tipo-c[@@@]velo",1,83.21,S,kingston,,
disco solido externo(ssd),ssdktxs20002000,"unidad en estado sólido externa kingston xs2000, 2tb, usb 3.2 gen 2x2 tipo-c[@@@]velo",3,132.56,S,kingston,,
dvd-writer sata,mmcrdvdgh24nsd1,"dvd supermulti lg gh24nsd1, 24x, interno, sata.[@@@]formatos soportados: dvd-r (sl/dl",5,11.96,W,lg electronics,,
energia r - panel solar,erpste7201n,"panel solar portátil teros te-7201n, 30 w[@@@]aprovecha la energía solar con el panel",2,49.25,D,teros,$40.90,R6465: Detalle de #PROMOCIONR6465
estabilizador de tension,psstr2cavr1008i,"regulador de voltaje cdp r2c-avr1008i, 1000va/500w, 170-270 vac.[@@@]4 tomas con prot",0,11.06,W,cdp chicago digital power,,
fan cooler cpu,accpute8161n,"cooler para procesador teros te-8161n, intel, tdp90w máx, aire[@@@]cooler de procesad",20,5.01,D,teros,,R6782: GRATIS(MOUSE PAD STD TE3011 BK)POR LA COMPRA DE COOLER PARA CPU TE-8161N AIRE
"imagenes, proyector",mmvdeppl118,"proyector powerlite 118 3lcd xga, hdmi x2, vga x2, lan (rj-45), usb[@@@]sistema de pr",1,526.62,W,epson,,
"imagenes, proyector",mmvdeppw119w,"proyector powerlite 119w 3lcd wxga, hdmi x2, vga x2, lan (rj-45), usb[@@@]sistema de ",1,609.03,W,epson,,
"imagenes, proyector",mmvdeppwe20,"proyector epson powerlite e20, 3400 lúmenes, 1024x768, xga.[@@@]tecnología de proyecc",0,380.9,W,epson,$364.00,R7128: Detalle de #PROMOCIONR7128
"imagenes, scan/cod/barras",accadv6012n,"escaner de plataforma adv-6012 , lector de códigoqr y código de barras.[@@@]el escáne",10,42.21,D,advance computer corp,$34.00,R6856: Detalle de #PROMOCIONR6856
"imagenes, scan/cod/barras",accadv6013n,"escáner de codigo de barras 1d y 2d wireless advance adv-6013, 2.4g ,incluye reposado",20,39.2,D,advance computer corp,,R6857: Llevate  3 Escaner ADV-6013N a un super precio $31.00 +IGV C/U
impresora termica,pradv7011n,"impresora termica inalámbrica advance adv-7011, velocidad de impresion 90 mm/seg.[@@@",20,38.19,D,advance computer corp,,R6846: Llevate  3 Impresoras ADV-7011N a un super precio $35.00 +IGV C/U
mb ci9 s1200 ddr4,mbash510m-kr20,"motherboard asus prime h510m-k r2.0 chipset intelh470, lga1200, micro atx[@@@]soporta",5,57.49,P,asus,$54.58,R6925: Detalle de #PROMOCIONR6925
mb ci9 s1200 ddr4,mbgbh510mkv2,"motherboard gigabyte h510m k v2, chipset intel h470, lga1200, matx[@@@]soporta proces",4,57.03,P,gigabyte,,
mb ci9 s1700 ddr4,mbarb660m-hdv,"motherboard asrock b660m-hdv, chipset intel b660,lga1700, matx[@@@]soporta procesador",9,76.28,P,asrock,,
mb ci9 s1700 ddr4,mbarb660mprors,"motherboard asrock b660m pro rs, chipset intel b660, lga1700, matx[@@@]soporta proces",7,91.66,P,asrock,,
mb ci9 s1700 ddr4,mbarh610mac,"motherboard asrock h610m/ac, chipset intel h610, lga1700, matx[@@@]soporta procesador",3,75.73,P,asrock,,
mb ci9 s1700 ddr4,mbasb760m-ad4,"motherboard asus prime b760m-a d4, chipset intel b760, lga1700, matx[@@@]soporta proc",2,94.47,P,asus,,
mb ci9 s1700 ddr4,mbgbb760md3hpd4,"motherboard gigabyte b760m d3hp ddr4, chipset intel b760, lga1700, matx[@@@]soporta p",13,90.35,P,gigabyte,,
mb ci9 s1700 ddr4,mbmsb760m-ed4,"motherboard msi pro pro b760m-e ddr4, chipset intel b760, lga1700, hdmi, vga, matx.[@",2,75.88,P,msi,,
mb ci9 s1700 ddr4,mbmsb760m-pddr4,"motherboard msi pro b760m-p ddr4, chipset intel b760, lga1700, hdmi, dp, vga, matx.[@",4,87.18,P,msi,,
mb ci9 s1700 ddr4,mbmsh610m-gddr4,"motherboard msi pro h610m-g ddr4, chipset intel h610, lga1700, matx[@@@]soporta proce",3,64.82,P,msi,,
mb ci9 s1700 ddr5,mbasb760m-acsm,"motherboard asus prime b760m-a-csm, chipset intelb760, lga1700, micro atx[@@@]soporta",14,110.45,P,asus,$100.90,R6926: Detalle de #PROMOCIONR6926
mb ci9 s1700 ddr5,mbgbb760md3hpd5,"motherboard gigabyte b760m d3hp, chipset intel b760, lga1700, micro atx[@@@]soporta p",4,94.37,P,gigabyte,,
mb ci9 s1700 ddr5 gaming,mbmsb760gmgpwf,"motherboard msi b760 gaming plus wifi, chipset intel b760, lga1700, hdmi, dp, atx[@@@",5,154.27,P,msi,,
mb ci9 s1700 ddr5 gaming,mbmsb760mgmgpwf,"motherboard msi b760m gaming plus wifi, chipset intel b760, lga1700, hdmi, dp, matx[@",2,144.22,P,msi,,
mb socket am4 amd,mbasa520m-k,"motherboard asus prime a520m-k, chipset amd a520,socket amd am4, micro atx[@@@]soport",6,49.95,P,asus,,
mb socket am4 amd,mbasb550m-aac,"motherboard asus prime b550m-a ac, chipset amd b550, socket amd am4, matx[@@@]soporta",1,88.34,P,asus,,
mb socket am4 amd,mbgba520mkv2,"motherboard gigabyte a520m k v2 (rev. 1.0) chipset amd a520, socket am4, micro atx[@@",8,48.24,P,gigabyte,,
mb socket am4 amd,mbgbb550mds3hac,"motherboard gigabyte b550m ds3h ac (rev. 1.5) chipset amd b550, socket am4, micro atx",4,83.36,P,gigabyte,,
mb socket am4 amd,mbmsa520m-apro,"motherboard msi a520m-a pro, chipset amd a520, socket amd am4, matx[@@@]soporta proce",10,47.79,P,msi,,
mb socket am4 amd,mbmsb550mprovdh,"motherboard msi b550m pro-vdh, amd b550, am4 socket, vga, hdmi, dp[@@@]soporta proces",1,73.87,P,msi,,
mem ddr3 1600 pc3-12800,me8gkvr16ln118w,"memoria kingston, 8gb ddr3-1600mhz pc3-12800, cl11, 1.35v, 240-pin, non-ecc[@@@]",2,25.63,P,kingston,,
mem ddr4 2666 pc4-21300,me16gkgkcp426nd,"memoria kingston kcp426nd8/16, 16gb, ddr4, 2666 mhz, pc4-21300, dimm, cl-19, 1.2v[@@@",3,30.15,D,kingston,,
mem ddr4 2666 pc4-21300,me8gkvr26n19s6,"memoria kingston kvr26n19s6/8, 8gb, ddr4 2666 mhz, pc4-21300, dimm, cl-19, 1.2v[@@@]",12,13.87,P,kingston,,
mem ddr4 2666 pc4-21300,me8gtfzgd48g26r,"memoria tg t-force vulcan z, 8gb, ddr4-2666 mhz, 1.2v, cl18-18-18-43[@@@]",2,13.37,P,teamgroup,,
mem ddr4 3200 pc4-25600,me16gkf432c16bf,"memoria kingston fury beast, 16gb, ddr4, 3200 mhz, pc4-25600, cl16, 1.35v.[@@@]",7,29.65,P,kingston,,
mem ddr4 3200 pc4-25600,me16gtf3200hc1w,"memoria t-force delta rgb, 16gb, ddr4 3200 mhz, cl-16, 1.35v[@@@]",5,30.65,P,teamgroup,,
mem ddr4 3200 pc4-25600,me16gtf3200hctd,"memoria tg t-force delta tuf gaming rgb, 16gb, ddr4-3200 mhz, cl16-20-20-40 1.35v[@@@",0,30.65,F,teamgroup,,R7484: GRATIS 01 MEM RAM 8G T-FORCE 3.20GHZ DR4 COMPRA 10 MEM RAM 8G T-FORCE 3.20GHZ DR4
mem ddr4 3200 pc4-25600,me16tf3200hc16f,"memoria teamgroup t-force vulcan tuf gaming alliance ddr4, 16gb ddr4-3200mhz, cl16, 1",7,25.13,P,teamgroup,,R7487: PROMO 20 + 1 MEM RAM 16G TF TUF 3.20GHZ DR4
mem ddr4 3200 pc4-25600,me16tfzgd432hc1,"memoria tg t-force vulcan z, 16gb, ddr4-3200 mhz,1.35v, cl16-20-20-40[@@@]",3,25.13,P,teamgroup,,
mem ddr4 3200 pc4-25600,me32kf432c16bb2,"memoria kingston fury beast 32gb ddr4-3200mhz pc4-25600, cl16, 1.35v, 288-pin, rgb, d",1,61.51,P,kingston,,
mem ddr4 3200 pc4-25600,me8gkcp432ns6,"memoria kingston kcp432ns6/8, dimm 8gb ddr4-3200 mhz, cl22, 1.2v, non-ecc.[@@@]",2,17.24,P,kingston,,
mem ddr4 3200 pc4-25600,me8gkf432c16bb8,"memoria kingston fury beast, 8gb, ddr4-3200mhz, pc4-25600, cl16, 1.35v, 288-pines, xm",20,16.73,P,kingston,,
mem ddr4 3200 pc4-25600,me8gtfgd48g3200,"memoria tg t-force vulcan z 8gb ddr4-3200 mhz, cl16, 1.35v[@@@]",20,13.87,P,teamgroup,,R7514: Promo 20 + 1 MEM RAM 8G T-FORCE 3.20GHZ DR4
mem ddr4 3200 pc4-25600,me8gtfyd48g32tf,"memoria tg t-force vulcan tuf, 8gb ddr4-3200 mhz,cl16, 1.35v[@@@]",11,13.87,P,teamgroup,,R7516: Promo 20 + 1  MEM RAM 8G TF TUF 3.20GZ DDR4
mem ddr5 5200 pc5-41600,me16kf552c40bb1,"memoria kingston fury beast 16gb, ddr5-5200mhz, pc5-41600, cl40, 1.25v, 288-pines, xm",10,40.5,P,kingston,,
mem ddr5 5200 pc5-41600,me16tfv5200hc41,"memoria teamgroup t-force vulcan ddr5 16gb ddr5-5200 mhz, cl40, 1.25v[@@@]",5,40.45,P,teamgroup,,R7494: Promo 05 + 1 BACKPACK TEROS AZUL/MARRON
mem ddr5 5200 pc5-41600,me32gkf552c40rg,"memoria kingston fury beast 32gb ddr5-5200mhz, pc5-41600, cl40, 1.25v, 288-pin, non-e",4,81.91,P,kingston,,
mem ddr5 5200 pc5-41600,me32kf552c40bbf,"memoria kingston fury beast black, 32gb ddr5-5200mhz, pc5-41600, cl40, 1.25v.[@@@]",3,77.39,P,kingston,,
mem ddr5 5200 pc5-41600,me8gkf552c40bb8,"memoria kingston fury beast 8gb, ddr5-5200mhz, pc5-41600, cl40, 1.25v, 288-pines, xmp",4,24.17,P,kingston,,
mem ddr5 5600 pc5-44800,me16gkf556c40bb,"memoria kingston fury beast 16gb ddr5-5600mhz, pc5-44800, cl40, 1.25v, 288-pin, dimm[",2,41.91,P,kingston,,
mem ddr5 5600 pc5-44800,me16gkf556c4arg,"memoria kingston fury beast 16gb ddr5-5600mhz pc5-44800 cl40, 1.25v, 288-pin, xmp 3.0",2,47.64,P,kingston,,
mem ddr5 6000 pc5-48000,me16gtfv6000hc3,"memoria teamgroup t-force vulcan ddr5 16gb (1 x 16gb) ddr5-6000mhz, cl38, 1.25v[@@@]",7,42.51,P,teamgroup,,
"mem flash, secure digital",acktsdcg3128gb,"memoria flash microsdxc kingston canvas go! plus,128gb con adaptador sd.[@@@]rendimie",20,9.75,Y,kingston,,
"mem flash, secure digital",acktsdcg3256gb,"memoria flash microsdxc kingston canvas go! plus,256gb con adaptador sd.[@@@]rendimie",9,16.98,Y,kingston,,
"mem flash, secure digital",acktsdcg364gb,"memoria flash microsdxc kingston canvas go! plus,64gb con adaptador sd.[@@@]rendimien",7,6.42,Y,kingston,,
"mem flash, secure digital",acktsdcs2128gb,"memoria micro-sd kingston canvas select plus, 128gb, con adaptador sd[@@@]velocidad d",20,6.62,Y,kingston,,
"mem flash, secure digital",acktsdcs2256gb,"memoria micro-sd kingston canvas select plus, 256gb, sin adaptador sd[@@@]velocidad d",1,15.37,Y,kingston,,
"mem flash, secure digital",acktsdcs232gb,"memoria micro-sd kingston canvas select, 32gb, uhs-i speed class 1 (u1), con adaptado",20,3.12,Y,kingston,,
"mem flash, secure digital",acktsdcs264gb,"memoria micro-sd kingston canvas select, 64gb, uhs-i speed class 1 (u1), con adaptado",18,3.66,Y,kingston,,
"mem flash, secure digital",acktsds264gb,"memoria card sd kingston canvas select plus, 64 gb, uhs-i speed class 1 (u1).[@@@]vel",9,4.54,Y,kingston,,
"mem flash, secure digital",acsdcg3512gb,"memoria micro-sd kingston canvas go! plus, 512gb,con adaptador sd[@@@]velocidad de le",4,40.45,W,kingston,,
"mem flash, secure digital",acsdcs2512gb,"memoria micro-sd kingston canvas select plus, 512gb, con adaptador sd[@@@]velocidad d",4,32.15,D,kingston,,
"mem flash, secure digital",me32gbsdsqunr,"memoria flash sandisk ultra microsdhc, uhs-i, class10, 32gb, incluye adaptador sd.[@@",14,3.94,Y,sandisk,,
"mem flash, secure digital",me64gbsdsqunr,"memoria flash sandisk ultra microsdhc, uhs-i, class10, 64gb, incluye adaptador sd.[@@",1,5.85,Y,sandisk,,
"mem flash, usb drive",ac16gbusbcz50,"memoria flash sandisk cruzer blade, capacidad 16 gb, interfaz usb 2.0. presentación e",20,3.17,P,sandisk,,
"mem flash, usb drive",ac16gbusbcz50bl,"memoria flash usb sandisk cruzer blade, 16gb, usb2.0.[@@@]cruzer blade usb flash driv",10,3.1,F,sandisk,,
"mem flash, usb drive",ac32gusbcz50b35,"memoria flash usb sandisk cruzer blade, 32gb, usb2.0, presentación en colgador.[@@@]",20,3.17,X,sandisk,,
"mem flash, usb drive",ac32gusbcz50b3g,usb sandisk 32gb cruzer verde,3,3.32,W,sandisk,,
"mem flash, usb drive",accacup20016gb,up200 ufd 16gb black usb 2.0,20,2.46,D,acer,,
"mem flash, usb drive",accacup20016gbw,up200 ufd 16gb white usb 2.0,20,2.46,D,acer,,
"mem flash, usb drive",accdtmc3g264gb,memoria flash kingston datatraveler micro unidad flash usb ultrapequeño con metal pre,2,6.38,W,kingston,,
"mem flash, usb drive",acckcu2l647lb,dtxm 64gb neon aqua blue,20,3.12,W,kingston,,
"mem flash, usb drive",acckcu2l647lg,dtxm 64gb neon green,20,3.12,W,kingston,,
"mem flash, usb drive",acckcu2l647ln,dtxm 64gb neon pink,20,3.12,W,kingston,,
"mem flash, usb drive",acckcu2l647lp,dtxm 64gb neon purple,20,3.12,W,kingston,,
"mem flash, usb drive",accup30016gb,"memoria flash usb acer up300, 16gb, interfaz: usb-c 3.2 gen 1, color negro[@@@]veloci",8,2.51,D,acer,,
"mem flash, usb drive",acdtduo3cg3128,memoria flash usb kingston 128gb datatraveler microduo 3c 200mb/s dual usb-a + usb-c[,6,10.75,D,kingston,,
"mem flash, usb drive",acdtxon256gb,"memoria flash usb kingston datatraveler exodia onyx 256gb, usb 3.2 gen 1, color negro",19,11.51,W,kingston,,
"mem flash, usb drive",ackcu2g647gb,"memoria flash usb kingston datatraveler exodia 64gb, usb 3.2 gen 1, color azul.[@@@]p",20,3.12,W,kingston,,
"mem flash, usb drive",ackcu2g647gr,"memoria flash usb kingston datatraveler exodia 64gb, usb 3.2 gen 1, color rojo.[@@@]p",3,3.12,W,kingston,,
"mem flash, usb drive",ackdtse9g364gb,dtse9g3 usb 3.2 gen 1 220mb/s,7,6.23,D,kingston,,
"mem flash, usb drive",ackdtxon128gb,"memoria flash usb kingston datatraveler exodia onyx, 128gb usb 3.2 gen 1, color negro",20,5.08,W,kingston,,
"mem flash, usb drive",acktdt7064gb,"memoria flash usb kingston datatraveler 70, 64gb,usb-c 3.2 gen1, presentación en colg",5,3.12,Y,kingston,,
"mem flash, usb drive",acktdtkn128gb,"memoria flash usb kingston datatraveler kyson 128gb, usb 3.2 gen 1, color plata.[@@@]",6,8.34,Y,kingston,,
"mem flash, usb drive",acktdtkn64gb,"memoria flash usb kingston datatraveler kyson, 64gb, usb 3.2 gen 1, plata[@@@]present",14,5.18,Y,kingston,,
"mem flash, usb drive",acktdtx128gb,"memoria flash usb kingston datatraveler exodia 128gb, usb 3.2 gen 1, color amarillo.[",20,5.01,Y,kingston,,
"mem flash, usb drive",acktdtx256gb,"memoria flash usb kingston datatraveler exodia 256gb, usb 3.2 gen 1, color rojo.[@@@]",3,11.56,Y,kingston,,
"mem flash, usb drive",acktdtx64gb,"memoria flash usb kingston datatraveler exodia 64gb, usb 3.2 gen 1[@@@]presentación e",20,3.12,Y,kingston,,
"mem flash, usb drive",acktdtx64gbw,"memoria flash usb kingston datatraveler exodia, 64gb, usb 3.2 gen 1, blanco[@@@]prese",20,3.12,Y,kingston,,
"mem flash, usb drive",acktdtxm128gb,"memoria flash usb kingston datatraveler exodia m,128gb, usb 3.2 gen 1, rojo[@@@]prese",8,4.97,Y,kingston,,
"mem flash, usb drive",acktdtxm256gb,"memoria flash usb kingston datatraveler exodia m,256gb, usb 3.2 gen 1, azul[@@@]prese",20,12.05,Y,kingston,,
"mem flash, usb drive",acktdtxm64gb,"memoria flash usb kingston datatraveler exodia m,64gb, usb 3.2 gen 1, azul[@@@]presen",15,3.12,Y,kingston,,
"mem flash, usb drive",acktdtxon64gb,"memoria flash usb kingston datatraveler exodia onyx, 64gb, usb 3.2 gen 1, color negro",20,3.12,W,kingston,,
mem sodimm ddr3 1600,me4gtgd3l4g1600,"memoria tg elite sodimm ddr3 4gb ddr3-1600 mhz, cl-11, 1.35v[@@@]",3,10.0,P,teamgroup,,
mem sodimm ddr3 1600,me8tgted3l8g160,"memoria teamgroup, 8gb, ddr3l, sodimm, 1600mhz, cl11-11-11-28, 1.35v[@@@]",15,13.37,D,teamgroup,,
mem sodimm ddr4 2666,me8gted48g266s1,"memoria teamgroup elite, 8gb, ddr4, so-dimm, 2666mhz, 1.2v, cl 19-19-19-43[@@@]",4,13.82,P,teamgroup,,R7510: Promo 20 +  1 MEM 8G TG 2.66GHZ SODIMM DDR4
mem sodimm ddr4 3200,me16ghp2e2m732,"memoria so-dimm hp s1 series, 16gb ddr4 3200 mhz,cl-22, 1.20v, 260-pin[@@@]",5,27.94,P,hp memorias ram,,
mem sodimm ddr4 3200,me16gkf432s2ib2,"memoria sodimm kingston hyper impact, 16gb, ddr4 3200 mhz, pc4-25600, cl20, 1.2v.[@@@",1,29.3,P,kingston,,
mem sodimm ddr4 3200,me16gkvr32s22s8,"memoria sodimm kingston kvr32s22s8/16, 16gb, ddr4-3200mhz, cl22, 1.2v, 260-pin, non-e",4,25.02,P,kingston,,
mem sodimm ddr4 3200,me16gtc3200hc2n,"memoria so-dimm teamgroup t-create, 16gb (2x8gb),ddr4-3200mhz (pc4 25600) 1.2v, cl22[",1,22.41,P,teamgroup,,
mem sodimm ddr4 3200,me16kcp432ss816,"memoria sodimm kingston kcp432ss8/16, 16gb, ddr4-3200mhz, cl22, 1.2v, 260-pin, non-ec",3,30.65,P,kingston,,
mem sodimm ddr4 3200,me8gkf432s20ib,"memoria sodimm kingston fury impact, 8gb, ddr4, 3200 mhz, pc4-25600, cl20, 1.2v.[@@@]",10,16.48,P,kingston,,
mem sodimm ddr4 3200,me8gkvr32s22s68,"memoria sodimm kingston kvr32s22s6/8, 8gb, ddr4-3200mhz, cl22, 1.2v, 260-pin, non-ecc",20,13.87,P,kingston,,
mem sodimm ddr4 3200,me8gtg3200c22s1,"memoria so-dimm teamgroup elite, 8gb ddr4-3200mhz(pc4-25600) 1.2v, cl22[@@@]",10,13.82,F,teamgroup,,R7517: Promo 20 + 1 MEM RAM TG 8G SODIMM 3.20GHZ
mem sodimm ddr5 4800,me16gkf548s38ib,"memoria so-dimm kingston fury impact 16gb ddr5-4800mhz, pc5-38400, cl38, 1.1v, 262-pi",7,41.15,P,kingston,,
mem sodimm ddr5 5600,me16gkf556s40ib,"memoria so-dimm kingston fury impact 16gb ddr5-5600mhz, pc5-44800, cl40, 1.1v, 262-pi",1,41.71,P,kingston,,
merchandising,acpinepson,pin logo epson,20,9.05,Z,deltron,,
merchandising,acpoloepscuello,polo epson con cuello negro,20,19.1,Z,deltron,,
merchandising,zzpanetonmsoem,paneton donofrio ms oem,3,10049.0,Z,zz otras marcas,,
merchandising,zzpolo1epson,polos epson,14,19.1,Z,epson,,
monitor curvo 23,mon236cadv2452s,"monitor curvo advance adv-2452s, 23.6 va fhd curvo, hdmi, dp[@@@]descubre el monitor",1,75.38,P,advance computer corp,,
monitor curvo 23,mon238cte2401s,"monitor curvo teros te-2401s, 23.8 fhd va, hdmi,vga[@@@]el monitor curvo teros te-24",2,75.38,P,teros,$70.00,R7094: Detalle de #PROMOCIONR7094; R6504: PROMO(6+1) POR LA COMPRA DE MON TE 24 FHD 100HZ 5MS CURVO
monitor curvo 27,mon27cadv2751s,"monitor curvo advance adv-2751s, 27 va fhd curvo, hdmi, dp[@@@]mejora tu experiencia",8,98.49,P,advance computer corp,,
monitor curvo 27,mon27cte2731s,"monitor curvo teros te-2731s, 27 fhd va, hdmi, vga[@@@]el monitor curvo teros te-273",15,98.49,P,teros,,R6760: GRATIS (MOUSE+ TECLADO+ MOCHILA ) A TAN SOLO $98+IGV POR LA COMPRA DE MON TE 27 CURVO; R8005: MUNOZ DIAZ DORIS JOSEFA; R6481: PROMO 10+1- POR LA COMPRA DE MON TE 27 FHD 100HZ CURVO
monitor gaming curvo 23,mon238cte2471g,"monitor curvo gaming teros te- 2471g, 23.8 fhd va, 165 hz, 2 ms, hdmi, dp[@@@]el mon",5,89.45,P,teros,$80.00,R6806: Detalle de #PROMOCIONR6806
monitor gaming curvo 23,mon238cte2473g,"monitor curvo teros te-2473g, 23.8 fhd va, hdmi,dp[@@@]el monitor curvo de 23.8 con",9,100.5,P,teros,,R6820: GRATIS(KB MS HS PAD TEROS TE-4063N) POR LA COMPRA DE MON TE 24 FHD 180HZ 1MS CV
monitor gaming curvo 27,mon27cte2764g,"monitor curvo teros te-2764g, 27 fhd va, 240 hz,1ms, hdmi, dp[@@@]el monitor curvo t",3,150.75,P,teros,,R6589: GRATIS(KB MS HS PAD TEROS TE-4063N) POR LA COMPRA DE MON TE 27 FHD 240HZ 1MS CURV
monitor gaming curvo 27,mon27cte2765g,"monitor curvo teros te-2765g, 27 2k qhd va, 165 hz, 1 ms, hdmi, dp, pivot[@@@]el mon",2,162.81,P,teros,,R6593: GRATIS(MOUSE GAMER USB TE1210 BK+ MOUSE PAD STD TE301) POR LA COMPRA DE MON TE 27 QHD 165HZ 1MS CURV; R6833: GRATIS(KB MS HS PAD TEROS TE-4063N) POR LA COMPRA DE MON TE 27 QHD 165HZ 1MS CURV
monitor gaming plano 23,mon245fte2472g,"monitor plano gaming teros te-2472g, 24.5 fhd va, 260 hz, 1 ms, hdmi, dp[@@@]este mo",11,139.7,P,teros,$128.00,R6480: Detalle de #PROMOCIONR6480
monitor gaming plano 23,monsmls24dg300e,"monitor plano gaming samsung odyssey g3, 24 fhd va, 180hz, 1ms, hdmi, dp[@@@]este mo",3,142.71,W,samsung,,
monitor gaming plano 27,mon27fte2752g,"monitor plano gaming teros te-2752g, 27 fhd ips,165 hz, 1 ms, hdmi, dp[@@@]el monito",4,119.6,P,teros,,R6920: GRATIS(KB MS HS PAD TEROS TE-4063N) POR LA COMPRA DE MON TE 27 FHD 165HZ 1MS FL
monitor plano 21.45,monsmls22d300ga,"monitor plano samsung essential monitor s3, 22 fhd ips, 100hz, hdmi, vga[@@@]descubr",1,85.02,W,samsung,,
monitor plano 23,mon238fadv2453s,"monitor plano advance adv-2453s, 23.8 ips, hdmi,vga, speakers[@@@]descubre el monito",5,75.38,Z,advance computer corp,,
monitor plano 23,mon24lg24mr400w,"monitor lg 24mr400, 23.8 fhd/ips/100hz/anti-reflejante/vga x1/hdmi x1/headphones-out",0,84.92,W,lg electronics,,
monitor plano 23,mon24lg24ms500,"monitor lg 24ms500-b 23.8 fhd ips (1920x1080), hdmi x2 / headphones-out x1[@@@]relac",0,89.04,W,lg electronics,$73.60,R6997: Detalle de #PROMOCIONR6997
monitor plano 27,mon27fte2712s,"monitor plano teros te-2712s, 27 fhd ips, hdmi, vga[@@@]el monitor plano teros te-27",20,86.43,P,teros,,
monitor plano 27,mon27fte2713s,"monitor plano teros te-2713s, 27 fhd ips, hdmi, dp[@@@]el monitor plano teros te-271",20,90.45,P,teros,,
monitor plano 31.5,mon315fte3252s,"monitor plano teros te-3252s, 31.5 4k uhd va led, 60 hz, 1 ms, hdmi, dp, audio[@@@]d",2,200.0,P,teros,,R6812: GRATIS(KB MS HS PAD TEROS TE-4063N) POR LA COMPRA DE MON TE 32 UHD 60HZ 1MS FT; R6816: GRATIS(MON TE 24  FHD 100HZ 5MS CURVO) POR LA COMPRA DE(3uni) MON TE 32 UHD 60HZ 1MS FT
"monitores, accesorios",accte7131n,"stand para monitor rgb multipropósito teros te-7131n, 4 puertos usb[@@@]optimiza tu e",6,19.6,D,teros,$14.50,R6279: Detalle de #PROMOCIONR6279
"monitores, accesorios",acrackte7114,rack para 2 monitores de 22 a 32 / brazo soporte teros te-7114[@@@]soporte de escri,2,44.72,D,teros,,
mouse inalambrico,mslogg305lsmint,mouse logitech g305 mint,1,29.45,D,logitech,,
mouse inalambrico,mste5169n,"mouse teros te-5169n, inalámbrico doble modo: 2.4g+bluetooth, 2400 dpi, vertical, neg",20,9.05,D,teros,,
mouse inalambrico,mswbkte1217s,"mouse óptico inalámbrico teros te-1217s, 1000 dpi, receptor usb, 3 botones[@@@]simpli",20,2.94,D,teros,,
mouse inalambrico,mswpplte1219s,"mouse óptico inalámbrico teros te-1219s, 1000 dpi, receptor usb, 3 botones, color mor",20,3.92,D,teros,,
mouse inalambrico,mswpplte1224s,"mouse óptico inalámbrico teros te-1224s, 1000 dpi, receptor usb, 4 botones[@@@]descub",20,5.01,D,teros,,
mouse inalambrico,mswrdte1223s,"mouse óptico inalámbrico teros te-1223s, 800-1200-1600 dpi, receptor usb, 4 botones[@",20,5.01,D,teros,,
mouse inalambrico,mswwhte1214s,"mouse óptico inalámbrico teros te-1214s, 1000 dpi, receptor usb, 3 botones[@@@]dale u",20,3.82,D,teros,$3.00,R6440: Detalle de #PROMOCIONR6440
mouse inalambrico,mswwhte1215s,"mouse óptico inalámbrico teros te-1215s, 1000 dpi, receptor usb, 3 botones[@@@]dale u",13,3.82,D,teros,$2.90,R6443: Detalle de #PROMOCIONR6443
"mouse pad/mat, accesorios",accmpbkte3010s,"mouse pad gamer teros te-3010s, negro[@@@]mejora tu experiencia de uso con el mousepa",17,2.2,D,teros,,
"mouse pad/mat, accesorios",accmpbkte3011s,"mouse pad gamer teros te-3011s, multicolor[@@@]eleva tu experiencia con el mousepad t",10,2.3,D,teros,,
"mouse pad/mat, accesorios",accmpbkte3012g,"mouse pad gamer teros te-3012g, multicolor[@@@]optimiza tu espacio de juego con el mo",20,5.43,D,teros,,R6445: DESDE $3.7+ POR LA COMPRA DE (3)MOUSE PAD GM TE3012 BK
"mouse pad/mat, accesorios",accmpbkte3013g,"mouse pad gamer teros te-3013g, rgb, usb a tipo c, negro[@@@]lleva tu experiencia de ",20,10.04,D,teros,,R6446: PROMO 5+1 POR LA COMPRA DE MOUSE PAD GAMER TE3013 BK
mouse para gamers,mscbkte1210g,"mouse gamer teros te-1210g, 7 botones, rgb, negro[@@@]lleva tu juego al máximo con el",20,9.34,D,teros,$8.20,R6474: Detalle de #PROMOCIONR6474; R6462: OFERTA (5UNI) POR LA COMPRA DE MOUSE GAMER USB TE1210 BK
mouse para gamers,mscbkte1211g,"mouse gamer teros te-1211g, 7 botones, rgb, negro[@@@]mejora tu nivel de juego con el",12,6.93,D,teros,$5.50,R6479: Detalle de #PROMOCIONR6479
mouse para gamers,msctpte1216g,"mouse gamer teros te-1216g, 2 botones, rgb, transparente[@@@]domina el juego con el m",15,7.04,D,teros,,R6805: GRATIS(MOUSE PAD STD TE3011 BK) POR LA COMPRA DE MOUSE GAMER USB TE1216 TP
mouse usb,mswpkte1221s,"mouse óptico teros te-1221s, 1000 dpi, usb, 3 botones[@@@]descubre precisión y comodi",20,2.71,D,teros,,
ms esd aplicaciones,msep207001,project pro 2024 all lng,20,1078.31,Y,microsoft oem,,"R7039: Gratis (01) PRESENTER MICROSOFT, Compra (02) Project Profesional"
ms esd aplicaciones,msep207057,project standard 2024 all lng,20,636.27,Y,microsoft oem,,"R7037: Gratis (01) PRESENTER MICROSOFT , Compra (02) Project Standard"
ms esd aplicaciones,msep207111,visio pro 2024 all lng retail,20,653.25,Y,microsoft oem,,"R7040: Gratis (01) Canasta Microsoft  Premium, Compra (02) Visio Profesional"
ms esd aplicaciones,msep207167,visio std 2024 all lng retail,20,317.59,Y,microsoft oem,,"R7038: Gratis (01) PRESENTER MICROSOFT, Compra (02) Visio Standard"
ms esd office,msep206608,office home and business 2024,20,195.73,Y,microsoft oem,$177.76,R6660: Detalle de #PROMOCIONR6660
ms esd office,msep206800,office home 2024 all retail,20,83.62,Y,microsoft oem,,"R6661: Gratis (01) PRESENTADOR MICROSOFT ,Compra (02) OFFICE HOME 2024 ALL RETAIL"
ms esd office 365,msesd6gq-00088,licenciamiento virtual (esd) microsoft 365 family[@@@]licencia de suscripcion de un a,20,72.86,X,microsoft oem,$65.50,R6668: Detalle de #PROMOCIONR6668
ms esd office 365,msesdklq-00219,licenciamiento virtual (esd) microsoft 365 business standard[@@@]licencia de suscripc,20,125.69,X,microsoft oem,$110.06,R6663: Detalle de #PROMOCIONR6663
ms esd office 365,msesdqq2-00008,licenciamiento virtual (esd) microsoft 365 personal[@@@]licencia de suscripcion de un,20,59.19,X,microsoft oem,$53.90,R6664: Detalle de #PROMOCIONR6664
ms esd office 365,msesdspp-00005,licenciamiento virtual (esd) microsoft 365 apps for business[@@@]licencia de un año p,20,82.23,X,microsoft oem,$69.82,R6662: Detalle de #PROMOCIONR6662
ms esd windows business,msesdfqc10572,"sistema operativo microsoft windows pro 11, 64-bits all languages pk lic online dwnld",20,183.2,W,microsoft oem,,R7066: Gratis (01) Kit Teclado + Mouse Teros   Compra (01) WIN11 PRO ESD; R7068: Gratis (01) Cooler Teros RGB 360°  Compra (03) WIN11 PRO ESD
ms esd windows consumer,msesdkw900664,"sistema operativo microsoft windows home 11, 64-bits all languages pk lic online dwnl",20,122.21,W,microsoft oem,,R7073: Gratis (01) Mouse Ergonomic BT Teros   Compra (02) WIN11 HOME ESD; R7074: (01) Combo BT Mouse Ergonomic BT + Teclado BT Mulimedia Teros   Compra (05) WIN11 HOME ESD
ms licencias csp,zzkbte4064n,teclado kb te-4064n bt,10,669.33,Z,teros,,
notebook 2-in-1 celeron,nbadvcn4058bk-s,notebook 2 en 1 advance cn4058 10.1 celeron n4020 1.10 ghz 8gb ram 128gb pantalla to,4,159.8,D,advance computer corp,,R6733: GRATIS(MOCHILA+ MOUSE TEROS) POR LA COMPRA DE NB 2N1 10 CEL 8 128 W11
notebook amd athlon,nbhp9e527laabm,"notebook hp 255 g10, 15.6 lcd led hd sva, amd athlon silver 2.4/3.5ghz, 8gb lpddr5-5",1,257.28,W,hp comercial,$218.00,R6948: Detalle de #PROMOCIONR6948
notebook amd ryzen 3,nbhp81u53ltabm,"notebook hp 255 g10, 15.6 lcd led hd sva, amd ryzen 3 7330u 2.3/4.3ghz, 8gb ddr4-320",5,340.7,W,hp comercial,$254.00,R6949: Detalle de #PROMOCIONR6949
notebook amd ryzen 5,nbhpa12hbltabm,"notebook hp 255 g10, 15.6 lcd led sva hd, amd ryzen 5 7520u 2.8/4.3 ghz, 8gb lpddr5-",3,401.9,W,hp comercial,$340.90,R6950: Detalle de #PROMOCIONR6950
notebook celeron,nbhpa12fjlaabm,"nb hp 250g9 a12fjla#abm, 15.6, lcd led hdsva, celeron n4500 1.1/2.8ghz, 8gb ddr4 293",20,254.27,W,hp comercial,$212.00,R6952: Detalle de #PROMOCIONR6952
notebook core i3,nbhp7c6e5la,"notebook hp 250 g9, 15.6 lcd led hd core i3-1215u 1.20/4.40ghz, 8gb ddr4-3200mhz (1x",4,414.96,W,hp comercial,$277.90,R6953: Detalle de #PROMOCIONR6953
notebook core i3,nbhpa29cmlaabm,"notebook hp 250 g10, 15.6 lcd led hd, core i3-1315u hasta 4.50ghz, 8gb ddr4-3200mhz[",2,399.99,W,hp comercial,$313.00,R6954: Detalle de #PROMOCIONR6954
notebook core i3,nblen82tt00ealm,"notebook lenovo v15 g3 iap 15.6 fhd tn, core i3-1215u 1.2 / 4.4ghz, 8gb ddr4-3200mhz",12,318.59,W,lenovo,$289.00,R8164: Detalle de #PROMOCIONR8164
notebook core i5,nbasx1605zmb2,"notebook asus x1605za-mb292 16.0 wuxga led ips, core i5-12500h hasta 4.5ghz, 16gb dd",14,516.57,D,asus - consumo,,
notebook core i5,nbhp9e4y4lt-s,"notebook hp 250 g10, 15.6 lcd led hd sva, core i5-1334u 1.30 / 4.60ghz, 8gb ddr4-320",5,576.87,W,hp comercial,,
notebook core i5,nbhp9e4y4ltabm,"notebook hp 250 g10, 15.6 lcd led hd sva, core i5-1334u 1.30 / 4.60ghz, 8gb ddr4-320",4,621.99,W,hp comercial,$406.90,R6956: Detalle de #PROMOCIONR6956
notebook core i5,nbhp9s7d5atabm,"notebook hp 250 g9, 15.6 lcd led hd sva, core i5-1235u 1.30 / 4.40ghz, 8gb ddr4-3200",2,463.31,W,hp comercial,$379.00,R6955: Detalle de #PROMOCIONR6955
notebook core i5,nbhpb03e2ltabm,"notebook hp 250 g10, 15.6 lcd led sva hd, intel core i5 1334u max 4.6ghz, 16gb ddr4-",8,702.5,W,hp comercial,$462.00,R6957: Detalle de #PROMOCIONR6957
notebook core i5,nblen83a100gjlm,"notebook lenovo v15 g4 iru, 15.6 fhd tn, core i5-13420h 2.1 / 4.6ghz, 8gb ddr4-3200m",13,462.3,W,lenovo,$424.00,R8020: Detalle de #PROMOCIONR8020
notebook core i5,nblen83a100gklm,"notebook lenovo v15 g4 iru, 15.6 fhd tn, core i5-13420h 2.1 / 4.6ghz, 8gb ddr4-3200m",6,441.2,W,lenovo,$386.00,R7916: Detalle de #PROMOCIONR7916
notebook core i5,nblen83er001dlm,notebook lenovo ideapad slim 3 15.6 fhd tn core i5-12450h 2.0/4.4ghz 16gb lpddr5-480,6,418.1,D,lenovo - idea,$379.00,R8063: Detalle de #PROMOCIONR8063; R8114: PROM. BACK TO SCHOOL DESDE $379+IGV - NB LEN 15 I5-12 16 512 FREE - 1DLM
notebook core i7,nbhp81j17ltabm,"notebook hp 250 g10, 15.6 lcd led hd sva, core i7-1355u 1.70/5.00ghz, 16gb ddr4-3200",3,782.9,W,hp comercial,$607.00,R6958: Detalle de #PROMOCIONR6958
notebook core i7,nbhp9s7d1lsabm,"notebook hp 250 g10, 15.6 lcd led hd sva, core i7-1355u 1.70/5.00ghz, 16gb ddr4-3200",4,782.9,W,hp comercial,$597.00,R6959: Detalle de #PROMOCIONR6959
notebook core i7,nblen83em00adlm,"notebook lenovo ideapad slim 3, 15.6 fhd tn, core i7-13620h 2.40/4.90ghz 16gb lpddr5",15,604.01,F,lenovo - idea,$539.00,R7765: Detalle de #PROMOCIONR7765; R8124: PROM. BACK TO SCHOOL DESDE $539+IGV - NB LEN 15 I7-13 16 1T FREE - ADLM
notebook gaming core i5,nbasfx507zcn005,notebook asus fx507zc4-hn056 15.6 fhd ips core i5-12500h 2.5/4.5ghz 8gb ddr4-3200 so,3,749.73,D,asus - consumo,,
notebook gaming core i5,nbhpa14lcla,"notebook hp victus gaming 15-fa0021la 15.6 fhd ips core i5-12450h hasta 4.4ghz, 8gb ",2,730.64,D,hp consumo,$630.00,R7717: Detalle de #PROMOCIONR7717
notebook gaming core i5,nblen83gs006wlm,"notebook lenovo loq 15iax9 15.6 fhd ips, core i5-12450hx hasta 4.4ghz 8gb ddr5-4800m",14,657.97,D,lenovo - idea,$599.00,R7797: Detalle de #PROMOCIONR7797
notebook gaming core i5,nblen83gs00eqlm,"notebook lenovo loq 15iax9 15.6 fhd ips, core i5-12450hx hasta 4.4ghz, 24gb ddr5-480",10,742.7,D,lenovo - idea,$669.00,R7468: Detalle de #PROMOCIONR7468
notebook gaming core i5,nblen83gs00julm,"nb lenovo loq 15iax9, 15.6 fhd ips, core i5-12450hx 4.4ghz, 12gb ddr5-4800[@@@]512gb",1,687.42,D,lenovo - idea,$609.00,R7177: Detalle de #PROMOCIONR7177
notebook gaming core i7,nbhp8u8b8la,"notebook hp victus 15-fa0007la, 15.6 fhd ips, core i7-12650h hasta 4.7ghz 16gb ddr4-",2,921.59,D,hp consumo,$829.00,R7651: Detalle de #PROMOCIONR7651
notebook gaming core i7,nblen83dv00fhlm,"notebook lenovo loq 15irx9 15.6 fhd ips, core i7-13650hx 2.6/4.9ghz 12gb ddr5-4800mh",6,919.58,D,lenovo - idea,$849.00,R7801: Detalle de #PROMOCIONR7801
notebook gaming ryzen 5,nbasfa506ncn016,"notebook asus tuf gaming a15, 15.6 fhd ips, ryzen r5-7535hs 4.55ghz 16gb ddr5-4800[@",3,744.71,D,asus - consumo,,
notebook gaming ryzen 5,nbasfa506nn004,"notebook asus fa506nf-hn004 15.6 fhd value ips, ryzen 5 7535hs hasta 4.5ghz 8gb ddr5",2,672.35,D,asus - consumo,,
notebook gaming ryzen 5,nbhpa17e5la,"notebook hp victus gaming 15-fb2025la, 15.6 fhd ips, ryzen 5 8645hs 5ghz 16gb ddr5-5",2,662.3,D,hp consumo,$609.00,R7718: Detalle de #PROMOCIONR7718
notebook gaming ryzen 5,nbhpfb2063dx,notebook hp victus gaming 15-fb2063dx 15.6 fhd ips ryzen 5 7535hs 4.6 ghz 8gb ddr5-5,4,553.76,D,hp consumo storage,,
notebook gaming ryzen 7,nbasfa506ncr019,"nb gaming asus fa506ncr-hn019, 15.6 fhd value ips, amd ryzen 7 7435hs 4.5ghz, 16gb d",3,792.95,D,asus - consumo,,
notebook gaming ryzen 7,nbasfa507nur005,"notebook asus fa507nur-lp005, 15.6 fhd ips, ryzen 7 7435hs 4.5ghz, 16gb ddr5 4800[@@",2,979.88,D,asus - consumo,,
notebook gaming ryzen 7,nbhpa17e4la,"notebook hp victus 15-fb2020la, 15.6 fhd ips, ryzen r7-8845hs hasta 5.1ghz 16gb ddr5",2,1045.2,D,hp consumo,$914.90,R7721: Detalle de #PROMOCIONR7721
notebook gaming ryzen 7,nblen83jc008flm,"notebook lenovo loq 15arp9, 15.6 fhd ips, amd ryzen 7 7435hs 4.5 ghz, 24gb ddr5 4800",1,1004.0,D,lenovo - idea,,R7598: GRATIS(ESTB 1KVA SOLIDO FXE-10) POR LA COMPRA DE NBG LEN 15 R7-7 24 1T V8G FREE
notebook gaming ryzen 7,nblen83jc008glm,"nb lenovo loq 15arp9, 15.6 fhd ips, amd ryzen 7-7435hs 4.5 ghz, 24gb ddr5-4800[@@@]5",3,837.17,D,lenovo - idea,$799.00,R7814: Detalle de #PROMOCIONR7814
"notebook, accesorios de",accte7020n,"cooler teros te-7020n, compatible con notebooks de hasta 15.6, 2 fan de 12cm[@@@]coo",16,7.54,D,teros,,R6285: PROMO 3+1 POR LA COMPRA DE COOLER PARA NB TE-7020N
"notebook, accesorios de",accte7130n,"cooler teros te-7130n, compatible con notebooks de hasta 15.6, 3 fan de 11 cm[@@@]co",10,12.96,D,teros,,R7193: GRATIS(MOUSE PAD STD TE3011 BK)POR LA COMPRA DE COOLER PARA NB RGB TE-7130N
"notebook, accesorios de",accte7133n,"cooler teros te-7133n rgb, compatible con notebooks de 14 hasta 19[@@@]cooler teros",7,13.97,D,teros,,R6452: PROMO LOCURA !! A TAN SOLO $12.0+IGV POR LACOMPRA DE (5UN) COOLER PARA NB RGB TE7133N
"notebook, accesorios de",actlp134-06n-vg,"adaptador displayport a vga tripp-lite p134-06n-vga, 1920 x1200 /1080p, 15.24 cm.[@@@",2,13.07,D,tripp-lite,,
"notebook, accesorios de",actlp568016,"cable hdmi de alta velocidad tripp-lite p568-016,video digtal con audio, 4.88 mts.[@@",2,7.04,W,tripp-lite,,
"notebook, accesorios de",zzaccte7020n-hp,cooler teros ( hp comercial),5,9999999.99,W,zz otras marcas,,
"notebook, maletin/mochila",nbacte9011bl,"mochila teros te-acs9011bl, poliéster, soporta notebooks de hasta 15.6, azul[@@@]la ",9,12.94,D,teros,,
"notebook, maletin/mochila",nbacte9012bg,"mochila teros te-acs9012bg, poliéster, soporta notebooks de hasta 15.6, beige[@@@]la",4,13.05,D,teros,,
"notebook, maletin/mochila",nbacte9014gr,cartuchera &#65279;/ estuche &#65279;/ &#65279;organizador / portacables teros te-acs,20,5.53,D,teros,,
"notebook, maletin/mochila",nbacte9015bg,"cartuchera / estuche / organizador / portacables teros te-acs9015, beige[@@@]cartuche",20,5.53,D,teros,,
"notebook, maletin/mochila",nbacte9016bl,"cartuchera / estuche / organizador / portacables teros te-acs9016, azul[@@@]cartucher",20,5.53,D,teros,,
"notebook, maletin/mochila",nbacte9017bk,"mochila teros te-acs9017bk, poliéster, soporta notebooks de hasta 15.6, negro[@@@]mo",5,14.07,D,teros,,
"notebook, maletin/mochila",nbacte9017db,"cartuchera / estuche / organizador / portacables teros te-acs9017db, azul marino[@@@]",5,5.53,D,teros,,
"notebook, maletin/mochila",nbacte9018bk,"mochila teros te-acs9018bk, poliéster, soporta notebooks de hasta 15.6, negro[@@@]mo",5,18.09,D,teros,$14.50,R6277: Detalle de #PROMOCIONR6277
"notebook, maletin/mochila",nbacte9019bl,"mochila teros te-acs9019bl, poliéster, soporta notebooks de hasta 15.6, azul + marró",20,8.84,D,teros,,
"notebook, maletin/mochila",nbacte9019s,"maletín gris teros te-9019s para notebooks de hasta 15.6, poliéster, gris[@@@]el mal",10,6.52,D,teros,,
"notebook, maletin/mochila",nbacte9020gr,"mochila teros te-acs9020gr, poliéster, soporta nbs de hasta 15.6, color gris + marró",9,8.84,D,teros,,
"notebook, maletin/mochila",nbacte9021mg,"mochila teros te-acs9021mg, poliéster, soporta nbs de hasta 15.6, verde militar + ma",16,7.24,D,teros,,
"notebook, maletin/mochila",nbacte9022bl,"mochila teros te-acs9022bl, poliéster, soporta notebooks de hasta 15.6, azul[@@@]moc",9,13.05,D,teros,,
"notebook, maletin/mochila",nbacte9023gr,"mochila teros te-acs9023gr, poliéster, soporta notebooks de hasta 15.6, gris + marró",10,13.05,D,teros,,
"notebook, maletin/mochila",nbacte9024br,"mochila teros te-acs9024br, poliéster + pu, soporta nbs de hasta 15.6, negro[@@@]la ",17,18.99,D,teros,,
"notebook, maletin/mochila",nbacte9025bk,"mochila para viajes teros te-9025bk, nylon, soporta notebooks de hasta 15.6, negro[@",8,24.02,D,teros,,
"notebook, maletin/mochila",nbacterids18560,"mochila teros te-ids18560, poliéster, soporta notebooks de hasta 15.6, negro[@@@]moc",5,10.0,D,teros,,
"notebook, maletin/mochila",nbacterids18570,"mochila teros te-ids18570, poliéster, soporta notebooks de hasta 15.6, negro[@@@]moc",11,9.95,D,teros,,
"notebook, maletin/mochila",nbacterids18582,"mochila teros te-ids18582, poliéster, soporta notebooks de hasta 15.6, gris[@@@]moch",4,15.38,D,teros,,
"notebook, maletin/mochila",nbacterids18588,"mochila gamer teros te-ids18588, poliéster, soporta notebooks de hasta 15.6, negro +",7,15.88,D,teros,,
"notebook, maletin/mochila",zznbacte9011bl,zz moch te-acs9010 15\'' (seag,1,1004.0,Z,zz otras marcas,,
"notebook, maletin/mochila",zzteacs9016,portacables te-acs9016,2,1004.0,Y,teamgroup,,
red wifi adaptadores usb,nwdldwa182,"adaptador usb inalámbrico d-link dwa-182, 2.4ghz/5ghz, 802.11ac, usb 2.0.[@@@]antena ",1,15.0,Y,d-link,,
red wifi ap interiores,nwtlwpa4220kit,"kit extensor powerline wifi av500, 300 mbps, dualband, 802.11a/b/g/n/.[@@@]2 puertos ",4,32.46,D,tp-link,,
red wifi tarjetas interna,nwdldwa548,"tarjeta wireless d-link dwa-548, 802.11g/n, 300 mbps, pci-e, 2dbi.[@@@]2 antenas desm",10,12.38,Y,d-link,$10.82,R5863: Detalle de #PROMOCIONR5863
"red, seguridad",inthikdskis302p,kit de intercomunicador hibrido hikvision (ds-kis302-p)[@@@]este intercomunicador híb,0,91.96,W,hikvision,,
"red, switch basico",dwdldes1008c,"switch d-link des-1008c, 8 rj-45 10/100 mbps, auto mdi/mdi-x, presentación en caja.[@",5,8.29,W,d-link,,
"red, switch basico",swtdteg1110pf81,8port -8fe port y 2 ge port,0,52.82,F,tenda,,
sillas gamer,accte8126b,"silla gamer teros te-8126b, azul y blanco[@@@]la silla gamer teros te-8126b ofrece un",0,108.54,D,teros,,
smart home - camaras,nwshte90601w,"cámara inteligente (interna fija) teros te-90601w, resolución 3 mp, wi-fi, color blan",20,13.97,D,teros,,
smart home - camaras,nwshte90602w,"cámara inteligente (interna fija) teros te-90602w, resolución 3 mp, wi-fi, color blan",15,17.99,D,teros,,
smart home - camaras,nwshte90603n,"cámara inteligente teros te-90603n, resolución 3 mp, wi-fi, color negro[@@@]protege t",20,44.72,D,teros,,
smart home - camaras,nwshte90604w,"cámara foco inteligente teros te-90604w, socket e27, 3 mp, luz led 5w, wi-fi[@@@]ilum",8,19.1,D,teros,,
smart home - enchufes,smhoente9102w,"tomacorriente inteligente teros te9102w, incluye 2 x tomas / 2 x usb / wi-fi, color b",9,8.04,D,teros,,
smart home - luces,smholite9103rgb,"foco inteligente led teros te-9103rgb, iluminación rgb, potencia de 9w, socket e27, w",10,4.52,D,teros,,
smart home - luces,smholite9106rgb,"foco inteligente led teros te-9106rgb, iluminación rgb, potencia de 13w, socket e27, ",10,6.93,D,teros,,
"soft, licenciamiento corp",swesetendproadv,eset endpoint protection advanced[@@@],10,1004.0,W,eset,,
"software, antivirus",swb11010054,bd antivirus plus 1pc 12m,10,5.03,Y,bit defender,,
"software, antivirus",swkl1041d5cfs,"kaspersky standard edition, para unos 3 dispositivos, licencia de 1 año[@@@]compatibl",1,26.33,W,kaspersky,,
"software, antivirus",swkl1047d5afs,"kaspersky premium edition, para un 1 dispositivo,licencia de 1 año[@@@]compatible con",1,28.94,W,kaspersky,,
"software, antivirus",swnods11010175,eset file server blister,5,51.26,Y,eset,,
"software, antivirus",sws11010214,eset nod 32 edicion infamous 1,2,22.06,W,eset,,
"software, antivirus",sws11030169,"software eset home security ultimate para 5 pcs, edicion especial (licencia de 13 mes",2,76.18,W,eset,,
"software, antivirus",sws11030179,eset home sec esential 2x1 bts,7,26.13,D,eset,,
"software, antivirus",sws11030180,eset home secu premium 2x1 bts,5,31.16,D,eset,,
ssd 2.5 sata,ssd128tggx2s3,"unidad en estado solido tg gx2, 128gb, sata iii 6gb/s, 2.5, dc +5v[@@@]velocidad de ",8,11.86,P,teamgroup,,R7521: promo 25 + 1 SSD 128G TG GX2 2.5 SATA III
ssd 2.5 sata,ssd240gmssps270,"unidad de estado solido msi spatium s270 sata 2.5 240gb, sata iii 6.0 gbps[@@@]veloc",2,16.48,P,msi,,
ssd 2.5 sata,ssd256gtfvuclz,"unidad en estado solido t-force vulcan z, 256gb, sata 6gb/s, 2.5, negro, dc +5v[@@@]",13,16.18,F,teamgroup,,R7520: Promo 20 + 1 SSD 256G TF VULCANZ 2.5   SATA
ssd 2.5 sata,ssdktsa400s480g,"unidad de estado solido kingston a400, 480gb, sata 6gb/s, 2.5, 7mm.[@@@]velocidad de",20,25.33,F,kingston,,
ssd 2.5 sata,ssdktsa400s960g,"unidad de estado solido kingston a400, 960gb, sata 6.0 gb/s, 2.5, 7mm.[@@@]velocidad",20,42.01,F,kingston,,
ssd 2.5 sata,ssdktskc6001024,"unidad en estado solido kingston kc600, 1024gb, sata rev 3.0 (6 gb/s)[@@@]factor de f",5,90.45,F,kingston,,
ssd 2.5 sata,ssdktskc600512g,"unidad en estado solido kingston kc600, 512gb, sata 6.0 gbps, 2.5, 7mm.[@@@]velocida",13,52.26,F,kingston,,
ssd 2.5 sata,ssdln5sd1n53075,"unidad en estado solido lenovo ls800, 240gb, sataiii, 6.0 gb/s, 2.5[@@@]velocidad de",20,16.33,P,lenovo - storage,,R7362: Llevalo a $14.50!! Compra (50) SSD LENOVO LS800 240GB SATA
ssd 2.5 sata,ssdtg256ggx2,"unidad de estado solido teamgroup gx2 256gb, sata6.0 gbps, 2.5, 7mm.[@@@]",11,15.28,P,teamgroup,,R7534: Promo 20 + 1 SSD 256G TG 2.5   GX2 SATA III
ssd 2.5 sata,ssdtgt253x6256g,"unidad de estado solido teamgroup cx2, 256gb, sata 6.0 gb/s, 2.5, ecc, dc +5v[@@@]ve",20,15.28,P,teamgroup,,R7535: Promo 20 + 1  SSD TG 256GB CX2 SATA3 2.5
ssd 2.5 sata,ssdtgt253x6512g,"unidad de estado solido teamgroup cx2, 512gb, sata 6.0 gb/s, 2.5, ecc, dc +5v[@@@]ve",20,24.97,P,teamgroup,,R7536: Promo 20 + 1 SSD TG 512GB CX2 SATA3 2.5
ssd 2.5 sata,ssdwds100t3g0a,"unidad en estado solido western digital green, wds100t3g0a, 1tb, sata 6gb/s, 2.5, 7m",17,39.7,P,western digital,,
ssd 2.5 sata,ssdwds250g3b0a,"unidad en estado solido western digital blue sa510, 250gb, sata 6gb/s, 2.5, 7mm.[@@@",1,37.64,P,western digital,$34.95,R5947: Detalle de #PROMOCIONR5947
ssd 2.5 sata,ssdwds480g3g0a,"unidad en estado solido western digital green, wds480g3g0a, 480gb, sata 6gb/s, 2.5, ",20,24.22,P,western digital,,
ssd 2.5 sata,ssdwds500g3b0a,"unidad en estado solido western digital blue sa510, 500gb, sata 6gb/s, 2.5, 7mm.[@@@",1,47.24,P,western digital,,
ssd m.2 nvme,ssd256tfmp33m24,"unidad en estado solido mp33 m.2 pcie ssd, 256gb,dc +3.3v[@@@]interfaz pcie 3.0 x4 nv",20,17.89,P,teamgroup,,R7527: Promo 20 + 1 SSD 256G TG MP33 M.2 NVME G3X4
ssd m.2 nvme,ssdkt3000m1024,"unidad en estado solido kingston kc3000, 1024gb, m.2 2280 pcie gen 4.0 nvme[@@@]veloc",10,84.02,F,kingston,,
ssd m.2 nvme,ssdktfyr1000,"unidad en estado solido kingston fury renegade 1tb, m.2 2280 pcie 4.0 nvme.[@@@]veloc",1,86.33,P,kingston,,
ssd m.2 nvme,ssdktfyr500,"unidad en estado solido kingston fury renegade 500gb, m.2 2280 pcie 4.0 nvme.[@@@]vel",4,56.88,F,kingston,,
ssd m.2 nvme,ssdktfyrd2000,"unidad en estado solido kingston fury renegade 2tb, m.2 2280 pcie 4.0 nvme.[@@@]veloc",4,142.71,F,kingston,,
ssd m.2 nvme,ssdktsfyrsk1000,"unidad en estado solido kingston fury renegade 1tb, m.2 2280 pcie 4.0 x4 nvme.[@@@]ve",2,98.39,S,kingston,,
ssd m.2 nvme,ssdktsnv3m1000,unidad en estado solido kingston 1000gb nv3 pcie 4.0 nvme m.2 ssd[@@@],0,46.73,S,kingston,,
ssd m.2 nvme,ssdktsnv3m2000,unidad en estado solido kingston 2000gb nv3 pcie 4.0 nvme m.2 ssd[@@@],1,100.1,S,kingston,,
ssd m.2 nvme,ssdktsnv3m500,unidad en estado solido kingston 500gb nv3 pcie 4.0 nvme m.2 ssd[@@@],0,32.31,S,kingston,,
ssd m.2 nvme,ssdwds200t3g0c,"unidad en estado solido western digital green sn350 nvme 2tb m.2 2280, pcie gen3 x4[@",10,121.1,P,western digital,,
ssd m.2 nvme,ssdwds250g2g0c,"unidad en estado solido western digital green sn350 nvme, 250gb m.2 2280[@@@]interfaz",20,21.31,P,western digital,,
ssd m.2 nvme,ssdwds500g2g0c,"unidad en estado solido western digital green sn350 nvme, 500gb m.2 2280[@@@]interfaz",11,31.1,P,western digital,,
"suminist p/impr, botellas",stept504120,"botella de tinta epson t504, color negro, contenido 127ml, para impresoras epson l416",20,8.16,W,epson,,R7174: Compra 2 Kits de Botellas T504 por $61.72+igv y llevate una T504 negra gratis!
"suminist p/impr, botellas",stept504220,"botella de tinta epson t504220-al, color cyan, contenido 70ml.[@@@]para impresoras ep",20,7.68,W,epson,,
"suminist p/impr, botellas",stept504320,"botella de tinta epson t504320-al, color magenta,contenido 70ml.[@@@]para impresoras ",20,7.68,W,epson,,
"suminist p/impr, botellas",stept504420,"botella de tinta epson t504420-al, color amarillo, contenido 70ml.[@@@]para impresora",20,7.68,W,epson,,
"suminist p/impr, botellas",stept544120,"botella de tinta epson t544120-al, color negro, contenido 65ml.[@@@]para impresoras e",20,7.66,X,epson,,R7175: Compra 2 Kits Botellas T544 por $60.68+igv y llevate una T544 negra gratis!
"suminist p/impr, botellas",stept544220,"botella de tinta epson t544220-al, color cian, contenido 65ml.[@@@]para impresoras ep",20,7.66,X,epson,,
"suminist p/impr, botellas",stept544420,"botella de tinta epson t544420-al, color amarillo, contenido 65ml.[@@@]para impresora",0,7.66,X,epson,,
"suminist p/impr, botellas",stept664120,"botella de tinta epson t664120, color negro, contenido 70ml, para impresoras epson l2",20,7.63,Z,epson,,R7176: Compra 2 Kits Botellas T664 por $60.40+igv y llevate una T664 negra gratis!
"suminist p/impr, botellas",stept664220,"botella de tinta epson t664220, color cyan, contenido 70ml, para impresoras epson l20",20,7.63,Z,epson,,
"suminist p/impr, botellas",stept664320,"botella de tinta epson t664320, color magenta, contenido 70ml, para impresoras epson ",20,7.63,Z,epson,,
"suminist p/impr, botellas",stept664420,"botella de tinta epson t664420, color amarillo, contenido 70ml, para impresoras epson",13,7.63,Z,epson,,
"suminist p/impr, botellas",stept673120,"botella de tinta epson 673 (t673120), color negro, contenido 70 ml, para impresora l8",2,9.9,B,epson,,
"suminist p/impr, botellas",stept673520,"botella de tinta epson 673 (t673520), color cian claro, contenido 70 ml, para impreso",2,9.9,X,epson,,
"suminist p/impr, botellas",stept673620,"botella de tinta epson 673 (t673620), color magenta claro, contenido 70 ml, para impr",1,9.9,X,epson,,
"suminist p/impr, botellas",steptt534120-al,"botella de tinta epson t534120-al, color negro, contenido 120ml.[@@@]impresora epson ",6,17.49,W,epson,,
"suminist p/impres, bolsas",stept941420al,"bolsa de tinta epson t941420-al, color yellow.[@@@]las tintas epson durabrite ultra p",2,39.09,W,epson,,
t celulares basicos,tcadvhl2460bk,"teléfono celular senior 4g advance hl2460, 1.77,radio fm wireless, desbloqueado[@@@]",0,14.07,D,advance computer corp,,
t celulares basicos,tcadvhl2460bkrd,"teléfono celular senior 4g advance hl2460, 1.77,radio fm wireless, desbloqueado.[@@@",0,14.07,D,advance computer corp,,
t celulares basicos,tcadvhl2460blbk,"teléfono celular senior 4g advance hl2460, 1.77,radio fm wireless, desbloqueado.[@@@",0,14.07,D,advance computer corp,,
t celulares basicos,tclblt1418bk,"teléfono celular básico 4g landbyte lt1418, 2.8,dual sim, radio fm, desbloqueado.[@@",0,15.38,D,landbyte,,
t celulares basicos,tclblt1418bl,"teléfono celular básico 4g landbyte lt1418, 2.8,dual sim, radio fm, desbloqueado.[@@",0,15.38,D,landbyte,,
t celulares basicos,tclblt1418gry,"teléfono celular básico 4g landbyte lt1418, 2.8,dual sim, radio fm, desbloqueado.[@@",0,15.38,D,landbyte,,
t celulares basicos,tclblt1418rd,"teléfono celular básico 4g landbyte lt1418, 2.8,dual sim, radio fm, desbloqueado.[@@",0,15.38,D,landbyte,,
t celulares basicos,tclblt1448bk,"teléfono celular flip 4g landbyte lt1448, 1.77, dual sim, radio fm, desbloqueado.[@@",0,22.26,D,landbyte,,
t celulares basicos,tclblt1448bl,"teléfono celular flip 4g landbyte lt1448, 1.77, dual sim, radio fm, desbloqueado.[@@",0,22.26,D,landbyte,,
t celulares basicos,tclblt1448gry,"teléfono celular flip 4g landbyte lt1448, 1.77, dual sim, radio fm, desbloqueado.[@@",0,22.26,D,landbyte,,
t celulares basicos,tclblt1448rd,"teléfono celular flip 4g landbyte lt1448, 1.77, dual sim, radio fm, desbloqueado.[@@",0,22.26,D,landbyte,,
"t celulares, accesorios",acctcte7052n,"batería externa / powerbank teros te-7052n, 8000 mah, pd 20w, magnético[@@@]mantén tu",4,19.1,D,teros,,
"t celulares, accesorios",acctcte7053n,"batería externa / powerbank teros te-7053s, 10000mah, pd 20w[@@@]mantén tus dispositi",1,13.57,D,teros,,
"t celulares, accesorios",accte7055n,"estabilizador de cardan, para telefono bt inalambrico de 3 ejes.[@@@]antivibración, s",1,57.29,D,zz otras marcas,,
"t celulares, smartwatches",accte8081b,"reloj inteligente teros te-8081b, 1.43 amoled, ip68, bluetooth 5.3, negro[@@@]este r",5,27.64,D,teros,,
"t celulares, smartwatches",accte8084n,"reloj inteligente teros te-8084n, 1.85 amoled, ip68, bluetooth 5.3, negro[@@@]este r",2,20.1,D,teros,,R6464: PROMO (4+1) POR LA COMPRA DE SMART WATCH TE8084 BLACK
"t celulares, smartwatches",zzte8080,smart watch te8080 silver,1,1004.0,Y,teamgroup,,
t smartphones android,tcsma156mzkflep,"smartphone samsung galaxy a15 (enterprise edition) pantalla 6.6 super amoled, red: 5",0,165.83,P,samsung moviles,,R6927: PROMO. GALAXY A15 (8+256GB) + CARGADOR 15W - A SOLO $170+igv
t smartphones android,tcsmg556bzkdlep,"smartphone samsung galaxy xcover 7 (enterprise edition) pantalla: 6.6 pls, red: 5g/l",0,294.47,P,samsung moviles,,R6930: PROMO. GALAXY XCOVER7 (6+128GB) + CARGADOR 15W - A SOLO $298+igv
tablet android,tablenzada0354p,"tablet lenovo tab m11, 11 wuxga (1920x1200) ips (in-cell/10-point multi-touch)[@@@]c",4,175.88,D,lenovo - idea,$139.00,R6798: Detalle de #PROMOCIONR6798
tablet android,tbadvnp6050gry,"tablet advance novapad np6050, 10.36 ips 2000*1200, 8gb ram, 128gb, android 14 , 4g ",5,125.63,D,advance computer corp,$118.00,R6862: Detalle de #PROMOCIONR6862
tablet android,tbadvtr7996blu,"tablet advance intro tr7996, 7 ips 1024x600, android 11 go, 3g, dual sim, 32gb, ram ",8,64.82,D,advance computer corp,$56.00,R6860: Detalle de #PROMOCIONR6860
tablet android,tbadvtr7996pnk,"tablet advance intro tr7996, 7 ips 1024x600, android 11 go, 3g, dual sim, 32gb, ram ",8,64.82,D,advance computer corp,$56.00,R6859: Detalle de #PROMOCIONR6859
tablet android,tbadvtr7996yll,"tablet advance intro tr7996, 7 ips 1024x600, android 11 go, 3g, dual sim, 32gb, ram ",10,64.82,D,advance computer corp,$56.00,R6858: Detalle de #PROMOCIONR6858
tablet android,tbadvtr8990blum,"tablet advance intro tr8990, 7 ips 1024x600, android 14 go, 4g, dual sim, 32gb, ram ",6,79.4,D,advance computer corp,$66.00,R6865: Detalle de #PROMOCIONR6865
tablet android,tbadvtr8990prlm,"tablet advance intro tr8990, 7 ips 1024x600, android 14 go, 4g, dual sim, 32gb, ram ",8,79.4,D,advance computer corp,$66.00,R6866: Detalle de #PROMOCIONR6866
tablet android,tbadvtr8990redm,"tablet advance intro tr8990, 7 ips 1024x600, android 14 go, 4g, dual sim, 32gb, ram ",3,79.4,D,advance computer corp,$66.00,R6867: Detalle de #PROMOCIONR6867
tablet android,tblenzach0149pe,"tablet lenovo tab p12 12.7 3k (2944x1840) ltps touch (in-cell,10-point multi-touch)[",1,393.96,D,lenovo - idea,$349.00,R7944: Detalle de #PROMOCIONR7944
tablet android,tblenzada0354pe,"tablet lenovo tab m11, 11 wuxga (1920x1200) ips (in-cell/10-point multi-touch)[@@@]c",10,170.85,D,lenovo - idea,,
"tablet, accesorios de",acsmt1510nbegww,travel adapter 15w_pd (ta only,13,10.3,D,samsung,,
teclado inalambrico,kbte4064n,"teclado inalámbrico teros te-4064n, 2.4 ghz, bluetooth 3.0 / 5.2, 80 teclas, negro[@@",14,11.86,D,teros,,R6773: GRATIS((MOUSE PAD) POR LA COMPRA DE UN TECLADO + MOUSE A TAN SOLO $19.3; R6282: PROMO LIQUIDACION!! DESDE $9.9+IGV C/U POR LA COMPRA DE (5)TECLADO KB TE-4064N BT
teclado para gamers,kbwbkte4066g,"teclado inalambrico teros te-4066g, multimedia, con iluminación rgb backlit[@@@]el te",20,12.51,D,teros,$11.00,R6435: Detalle de #PROMOCIONR6435
teclado usb,kbcbkte4067s,"teclado estándar teros te-4067s, usb 2.0, negro[@@@]telado estándar en español teros ",20,4.52,D,teros,,R6498: KIT DE VERANO!! DESDE $4.3+ IGV POR LA COMPRA DE MOUSE+ TECLADO; R6494: OFERTA(3) POR LA COMPRA DE TECLADO EST?NDAR USB TE4067 BK
teclado usb,kbte4065n,"teclado lavable teros te-4065n, ipx7, usb, negro[@@@]descubre el teclado teros te-406",20,10.65,D,teros,$9.20,R6397: Detalle de #PROMOCIONR6397
teclado+mouse combo kit,kbmshdste4063n,"kit gamer teros te-4063n, teclado multimedia, mouse, headset, mouse pad[@@@]lleva tu ",5,14.66,D,teros,,R6399: PROMOCION DE VERANO!! POR LA COMPRA DE(5) KB MS HS PAD TEROS TE-4063N
teclado+mouse combo kit,kbmste4062n,"kit teclado y mouse teros te-4062n, usb, acabado elegante, negro, español / óptico[@@",20,4.52,D,teros,,R6842: PROMO(10+1) POR LA COMPRA DE KB MS TEROS TE4062N
teclado+mouse kit inalamb,kbmswste4061n,"kit inalámbrico teclado + mouse teros te-4061n, 2.4ghz, receptor nano usb, negro[@@@]",20,6.83,D,teros,,R6280: PROMO *5 TECLADO INALAMBRICO TEROS TE-4061N
televisores led/smart tv,tvadv32fhd0a,"televisor smart advance wadv32fhpe, 32 fhd 1920x1080, wireless, lan, bluetooth[@@@]l",7,111.56,D,advance computer corp,,
televisores led/smart tv,tvadv32uhd0a,"televisor smart advance wadv32hpe, 32 hd 1366x768, wireless, lan, bluetooth[@@@]disf",9,105.53,D,advance computer corp,,
"televisores, racks para",acrackte7111,rack teros te-7111 para televisor de 32 a 75[@@@]optimiza tu espacio con el rack pa,2,8.54,D,teros,,
"televisores, racks para",acrackte7112,rack teros te-7112 para televisor retractil de 32 a 75[@@@]mejora tu experiencia de,6,21.31,D,teros,,
ups interactivo,psaur1500lcdusb,"ups interactivo elise fase, aur-1500-lcd-usb, 1500 va / 900 w, puerto inteligente usb",3,165.83,W,elise,,
"video, pci exp nvidia gam",vd6gasrtx3050do,"tarjeta de video asus dual geforce rtx 3050 oc edition 6gb gddr6, pci-e 4.0[@@@]puert",0,179.79,P,asus,,
"video, pci express nvidia",vd2msgt710lpd3,"tarjeta de video msi nvidia geforce gt 710, 2gb ddr3 64-bit, pci-e 2.0, low-profile.[",3,42.71,W,msi,,
